soil_id,eoc_tot_c
24003.D1.1.S1,1.949
24003.D1.1.S2,1.432
24003.D1.1.S3,0.589
24003.D1.10.S1,2.055
24003.D1.10.S2,1.589
24003.D1.10.S3,1.093
24003.D1.11.S1,1.507
24003.D1.11.S2,0.94
24003.D1.11.S3,0.142
24003.D1.12.S1,1.701
24003.D1.12.S2,1.503
24003.D1.12.S3,0.386
24003.D1.13.S1,1.949
24003.D1.13.S2,1.648
24003.D1.13.S3,0.836
24003.D1.2.S1,1.572
24003.D1.2.S2,1.292
24003.D1.2.S3,0.425
24003.D1.3.S1,1.522
24003.D1.3.S2,0.909
24003.D1.3.S3,0.228
24003.D1.4.S1,1.961
24003.D1.4.S2,1.811
24003.D1.4.S3,0.602
24003.D1.5.S1,1.878
24003.D1.5.S2,1.61
24003.D1.5.S3,0.39
24003.D1.6.S1,3.847
24003.D1.6.S2,1.827
24003.D1.6.S3,0.48
24003.D1.7.S1,1.421
24003.D1.7.S2,0.984
24003.D1.7.S3,0.317
24003.D1.8.S1,1.43
24003.D1.8.S2,0.83
24003.D1.8.S3,0.175
24003.D1.9.S1,1.39
24003.D1.9.S2,1.208
24003.D1.9.S3,0.417
24003.D2.1.S1,1.238
24003.D2.1.S2,0.755
24003.D2.1.S3,0.267
24003.D2.2.S1,1.848
24003.D2.2.S2,1.205
24003.D2.2.S3,0.22
24003.D2.3.S1,1.235
24003.D2.3.S2,0.87
24003.D2.3.S3,0.258
24003.D2.4.S1,1.38
24003.D2.4.S2,1.184
24003.D2.4.S3,0.3
24003.D2.5.S1,2.272
24003.D2.5.S2,1.724
24003.D2.5.S3,0.475
24003.D2.6.S1,1.451
24003.D2.6.S2,1.003
24003.D2.6.S3,0.208
24003.D2.7.S1,1.201
24003.D2.7.S2,0.905
24003.D2.7.S3,0.402
24003.D2.8.S1,1.509
24003.D2.8.S2,0.824
24003.D2.8.S3,0.194
24004.G1.1.S1,2.137
24004.G1.1.S2,0.977
24004.G1.1.S3,0.438
24004.G1.10.S1,1.948
24004.G1.10.S2,1.34
24004.G1.10.S3,0.841
24004.G1.11.S1,1.611
24004.G1.11.S2,1.656
24004.G1.11.S3,0.595
24004.G1.2.S1,2.402
24004.G1.2.S2,1.165
24004.G1.2.S3,0.36
24004.G1.3.S1,2.348
24004.G1.3.S2,0.928
24004.G1.3.S3,0.333
24004.G1.5.S1,2.316
24004.G1.5.S2,1.048
24004.G1.5.S3,0.444
24004.G1.6.S1,2.121
24004.G1.6.S2,1.278
24004.G1.6.S3,0.455
24004.G1.7.S1,2.307
24004.G1.7.S2,0.914
24004.G1.7.S3,0.357
24004.G1.8.S1,1.732
24004.G1.8.S2,1.355
24004.G1.8.S3,0.942
24004.G1.9.S1,1.553
24004.G1.9.S2,0.258
24004.G1.9.S3,0.287
24004.G2.1.S1,2.338
24004.G2.1.S2,1.566
24004.G2.1.S3,0.673
24004.G2.10.S1,2.055
24004.G2.10.S2,1.021
24004.G2.10.S3,0.278
24004.G2.2.S1,2.094
24004.G2.2.S2,1.523
24004.G2.2.S3,0.23
24004.G2.3.S1,2.412
24004.G2.3.S2,1.077
24004.G2.3.S3,0.307
24004.G2.4.S1,1.72
24004.G2.4.S2,1.211
24004.G2.4.S3,1.026
24004.G2.5.S1,2.303
24004.G2.5.S2,1.147
24004.G2.5.S3,0.207
24004.G2.6.S1,1.705
24004.G2.6.S2,1.699
24004.G2.6.S3,0.499
24004.G2.7.S1,2.896
24004.G2.7.S2,1.491
24004.G2.7.S3,0.517
24004.G2.8.S1,2.66
24004.G2.8.S2,1.198
24004.G2.8.S3,0.591
24004.G2.9.S1,2.063
24004.G2.9.S2,0.879
24004.G2.9.S3,0.224
24004.G3.1.S1,3.779
24004.G3.1.S2,2.474
24004.G3.1.S3,1.706
24004.G5.1.S1,1.624
24004.G5.1.S2,1.049
24004.G5.1.S3,0.505
24004.G5.2.S1,2.091
24004.G5.2.S2,1.015
24004.G5.2.S3,0.458
24004.G5.3.S1,1.975
24004.G5.3.S2,0.853
24004.G5.3.S3,0.27
24004.G5.4.S1,1.695
24004.G5.4.S2,0.436
24004.G5.4.S3,0.253
24004.G5.5.S1,2.714
24004.G5.5.S2,1.098
24004.G5.5.S3,0.373
24004.G5.6.S1,1.734
24004.G5.6.S2,0.716
24004.G5.6.S3,0.265
24005.A2.2.S1,2.197
24005.A2.2.S2,0.84
24005.A2.2.S3,0.321
24005.A2.3.S1,2.191
24005.A2.3.S2,1.355
24005.A2.3.S3,0.409
24005.A2.4.S1,2.583
24005.A2.4.S2,1.261
24005.A2.4.S3,0.27
24005.A2.5.S1,2.656
24005.A2.5.S2,1.353
24005.A2.5.S3,0.542
24005.A3.1.S1,4.977
24005.A3.1.S2,1.219
24005.A3.1.S3,1.019
24005.A3.2.S1,2.78
24005.A3.2.S2,1.117
24005.A3.2.S3,0.239
24005.A3.3.S1,2.282
24005.A3.3.S2,0.345
24005.A3.4.S1,3.399
24005.A3.4.S2,0.786
24005.A3.4.S3,0.291
24005.A3.5.S1,4.337
24005.A3.5.S2,1.201
24005.A3.6.S1,3.237
24005.A3.6.S2,0.701
24005.G3.2.S1,2.1
24005.G3.2.S2,1.14
24005.G3.2.S3,0.309
24005.G3.3.S1,1.951
24005.G3.3.S2,1.192
24005.G3.3.S3,0.287
24005.G3.6.S1,1.959
24005.G3.6.S2,0.711
24005.G3.6.S3,0.171
24005.G4.1.S1,1.456
24005.G4.1.S2,0.916
24005.G4.1.S3,0.345
24005.G4.2.S1,1.964
24005.G4.2.S2,0.851
24005.G4.2.S3,0.319
24005.G4.3.S1,1.72
24005.G4.3.S2,0.511
24005.G4.3.S3,0.551
24005.G4.4.S1,1.819
24005.G4.4.S2,0.735
24005.G4.4.S3,0.431
24005.G4.5.S1,3.143
24005.G4.5.S2,1.987
24005.G4.5.S3,0.921
24005.G4.6.S1,1.857
24005.G4.6.S2,0.664
24005.G4.6.S3,0.221
24005.G4.7.S1,1.718
24005.G4.7.S2,0.626
24005.G4.7.S3,1.967
24005.G4.8.S1,2.04
24005.G4.8.S2,0.732
24005.G4.8.S3,0.672
24015.E1.1.S1,1.826
24015.E1.1.S2,0.733
24015.E1.1.S3,0.114
24015.E1.10.S1,2.447
24015.E1.10.S2,1.324
24015.E1.10.S3,0.381
24015.E1.2.S1,2.336
24015.E1.2.S2,1.005
24015.E1.2.S3,0.311
24015.E1.3.S1,1.762
24015.E1.3.S2,0.892
24015.E1.3.S3,0.171
24015.E1.4.S1,2.023
24015.E1.4.S2,0.464
24015.E1.4.S3,0.128
24015.E1.5.S1,1.838
24015.E1.5.S2,1.204
24015.E1.5.S3,0.306
24015.E1.6.S1,2.226
24015.E1.6.S2,0.942
24015.E1.6.S3,0.183
24015.E1.7.S1,2.393
24015.E1.7.S2,1.125
24015.E1.7.S3,0.192
24015.E1.8.S1,1.994
24015.E1.8.S2,0.653
24015.E1.8.S3,0.3
24015.E1.9.S1,2.304
24015.E1.9.S2,0.491
24015.E1.9.S3,0.107
24016.E2.1.S1,2.365
24016.E2.1.S2,1.7
24016.E2.1.S3,0.855
24016.E2.2.S1,2.707
24016.E2.2.S2,1.62
24016.E2.2.S3,0.433
24016.E2.3.S1,2.694
24016.E2.3.S2,1.712
24016.E2.3.S3,0.515
24016.E2.4.S1,2.206
24016.E2.4.S2,1.616
24016.E2.4.S3,0.37
24016.E2.5.S1,2.115
24016.E2.5.S2,0.728
24016.E2.5.S3,0.277
24017.G1.4.S1,3.303
24017.G1.4.S2,1.184
24017.G1.4.S3,0.338
24021.H1.1.S1,2.023
24021.H1.1.S2,1.34
24021.H1.1.S3,0.439
24021.H1.10.S1,2.071
24021.H1.10.S2,1.312
24021.H1.10.S3,0.523
24021.H1.11.S1,2.758
24021.H1.11.S2,0.574
24021.H1.12.S1,2.069
24021.H1.12.S2,1.211
24021.H1.12.S3,0.39
24021.H1.13.S1,1.782
24021.H1.13.S2,1.404
24021.H1.13.S3,0.78
24021.H1.2.S1,1.94
24021.H1.2.S2,1.382
24021.H1.2.S3,0.452
24021.H1.3.S1,1.75
24021.H1.3.S2,1.182
24021.H1.3.S3,0.413
24021.H1.4.S1,2.659
24021.H1.4.S2,1.471
24021.H1.5.S1,2.428
24021.H1.5.S2,1.124
24021.H1.5.S3,0.327
24021.H1.6.S1,1.865
24021.H1.6.S2,0.765
24021.H1.7.S1,2.608
24021.H1.7.S2,0.965
24021.H1.7.S3,0.216
24021.H1.8.S1,1.992
24021.H1.8.S2,1.291
24021.H1.8.S3,0.779
24021.H1.9.S1,2.832
24021.H1.9.S2,1.492
24021.H1.9.S3,0.723
24024.B2.1.S1,2.069
24024.B2.1.S2,1.049
24024.B2.1.S3,0.242
24024.B2.2.S1,2.993
24024.B2.2.S2,0.903
24024.B2.2.S3,0.126
24024.B2.3.S1,1.763
24024.B2.3.S2,0.881
24024.B2.3.S3,0.271
24024.B2.4.S1,2.213
24024.B2.4.S2,1.785
24024.B2.4.S3,1.168
24024.B2.5.S1,2.083
24024.B2.5.S2,1.276
24024.B2.5.S3,0.431
24024.B2.6.S1,1.72
24024.B2.6.S2,0.904
24024.B2.6.S3,0.364
24024.B2.7.S1,2.09
24024.B2.7.S2,1.142
24024.B2.7.S3,0.242
24036.B1.1.S1,1.685
24036.B1.1.S2,0.459
24036.B1.1.S3,0.126
24036.B1.2.S1,1.873
24036.B1.2.S2,0.917
24036.B1.2.S3,0.325
24036.B1.3.S1,1.802
24036.B1.3.S2,1.065
24036.B1.3.S3,0.187
24036.B1.4.S1,2.284
24036.B1.4.S2,0.632
24036.B1.4.S3,0.148
24036.B1.5.S1,0.997
24036.B1.5.S2,0.234
24036.B1.5.S3,0.184
24036.B1.6.S1,2.467
24036.B1.6.S2,1.126
24036.B1.6.S3,0.233
24036.B1.7.S1,2.021
24036.B1.7.S2,1.143
24036.B1.7.S3,0.221
24036.C1.10.S1,2.305
24036.C1.10.S2,1.943
24036.C1.10.S3,0.395
24036.C1.11.S1,1.668
24036.C1.11.S2,1.283
24036.C1.11.S3,0.375
24036.C1.2.S1,1.699
24036.C1.2.S2,0.885
24036.C1.2.S3,0.314
24036.C1.3.S1,1.775
24036.C1.3.S2,1.334
24036.C1.3.S3,0.725
24036.C1.4.S1,1.702
24036.C1.4.S2,1.189
24036.C1.4.S3,0.902
24036.C1.5.S1,1.598
24036.C1.5.S2,1.181
24036.C1.5.S3,0.507
24036.C1.6.S1,1.561
24036.C1.6.S2,0.582
24036.C1.6.S3,0.207
24036.C1.7.S1,3.233
24036.C1.7.S2,1.747
24036.C1.7.S3,0.526
24036.C1.8.S1,2.54
24036.C1.8.S2,2.097
24036.C1.8.S3,0.552
24036.C1.9.S1,1.726
24036.C1.9.S2,1.234
24036.C1.9.S3,0.501
24045.A1.1.S1,1.342
24045.A1.1.S2,1.464
24045.A1.1.S3,0.415
24045.A1.2.S1,1.276
24045.A1.2.S2,0.638
24045.A1.2.S3,0.163
24045.A1.3.S1,0.994
24045.A1.3.S2,0.872
24045.A1.3.S3,0.372
24045.A1.4.S1,2.385
24045.A1.4.S2,1.108
24045.A1.4.S3,0.188
24045.A1.5.S1,1.033
24045.A1.5.S2,0.904
24045.A1.5.S3,0.344
24045.A1.6.S1,1.032
24045.A1.6.S2,0.857
24045.A1.6.S3,0.945
24045.A1.7.S1,1.066
24045.A1.7.S2,0.554
24045.A1.7.S3,0.107
24047.F1.1.S1,1.232
24047.F1.1.S2,0.761
24047.F1.1.S3,0.331
24047.F1.10.S1,1.316
24047.F1.10.S2,0.619
24047.F1.10.S3,0.179
24047.F1.2.S1,1.11
24047.F1.2.S2,0.663
24047.F1.2.S3,0.299
24047.F1.3.S1,0.829
24047.F1.3.S2,0.595
24047.F1.3.S3,0.255
24047.F1.4.S1,0.946
24047.F1.4.S2,0.798
24047.F1.4.S3,0.524
24047.F1.5.S1,1.897
24047.F1.5.S2,1.428
24047.F1.5.S3,0.152
24047.F1.6.S1,1.329
24047.F1.6.S2,0.901
24047.F1.6.S3,0.244
24047.F1.7.S1,1.309
24047.F1.7.S2,0.797
24047.F1.7.S3,0.183
24047.F1.8.S1,1.27
24047.F1.8.S2,0.797
24047.F1.8.S3,0.257
24047.F1.9.S1,1.025
24047.F1.9.S2,0.638
24047.F1.9.S3,0.257
24051.F2.8.S1,1.524
24051.F2.8.S2,0.739
24051.F2.8.S3,0.34
24051.G3.4.S1,3.424
24051.G3.4.S2,2.156
24051.G3.4.S3,0.851
24052.F2.10.S1,1.704
24052.F2.10.S2,1.234
24052.F2.10.S3,0.877
24052.F2.11.S1,1.669
24052.F2.11.S2,1.203
24052.F2.11.S3,0.809
24052.F2.12.S1,1.281
24052.F2.12.S2,0.793
24052.F2.12.S3,0.176
24052.F2.13.S1,1.677
24052.F2.13.S2,1.109
24052.F2.13.S3,0.81
24052.F2.14.S1,1.066
24052.F2.14.S2,0.716
24052.F2.14.S3,0.231
24052.F2.15.S1,1.241
24052.F2.15.S2,0.838
24052.F2.15.S3,0.224
24052.F2.16.S1,1.019
24052.F2.16.S2,0.591
24052.F2.16.S3,0.213
24052.F2.17.S1,1.165
24052.F2.17.S2,0.664
24052.F2.17.S3,0.229
24052.F2.18.S1,1.089
24052.F2.18.S2,0.701
24052.F2.18.S3,1.131
24052.F2.19.S1,1.273
24052.F2.19.S2,0.797
24052.F2.19.S3,0.319
24052.F2.20.S1,1.237
24052.F2.20.S2,0.897
24052.F2.20.S3,0.345
24052.F2.5.S1,1.32
24052.F2.5.S2,0.731
24052.F2.5.S3,0.387
24052.F2.6.S1,1.313
24052.F2.6.S2,0.928
24052.F2.6.S3,0.54
24052.F2.9.S1,1.507
24052.F2.9.S2,0.957
24052.F2.9.S3,0.776
