soil_id,site_id,location_id,top,bottom
24003.D1.1.S1,D1,24003.D1.1,0,15
24003.D1.1.S2,D1,24003.D1.1,15,30
24003.D1.1.S3,D1,24003.D1.1,30,60
24003.D1.10.S1,D1,24003.D1.10,0,15
24003.D1.10.S2,D1,24003.D1.10,15,30
24003.D1.10.S3,D1,24003.D1.10,30,60
24003.D1.11.S1,D1,24003.D1.11,0,15
24003.D1.11.S2,D1,24003.D1.11,15,30
24003.D1.11.S3,D1,24003.D1.11,30,60
24003.D1.12.S1,D1,24003.D1.12,0,15
24003.D1.12.S2,D1,24003.D1.12,15,30
24003.D1.12.S3,D1,24003.D1.12,30,60
24003.D1.13.S1,D1,24003.D1.13,0,15
24003.D1.13.S2,D1,24003.D1.13,15,30
24003.D1.13.S3,D1,24003.D1.13,30,60
24003.D1.2.S1,D1,24003.D1.2,0,15
24003.D1.2.S2,D1,24003.D1.2,15,30
24003.D1.2.S3,D1,24003.D1.2,30,60
24003.D1.3.S1,D1,24003.D1.3,0,15
24003.D1.3.S2,D1,24003.D1.3,15,30
24003.D1.3.S3,D1,24003.D1.3,30,60
24003.D1.4.S1,D1,24003.D1.4,0,15
24003.D1.4.S2,D1,24003.D1.4,15,30
24003.D1.4.S3,D1,24003.D1.4,30,60
24003.D1.5.S1,D1,24003.D1.5,0,15
24003.D1.5.S2,D1,24003.D1.5,15,30
24003.D1.5.S3,D1,24003.D1.5,30,60
24003.D1.6.S1,D1,24003.D1.6,0,15
24003.D1.6.S2,D1,24003.D1.6,15,30
24003.D1.6.S3,D1,24003.D1.6,30,60
24003.D1.7.S1,D1,24003.D1.7,0,15
24003.D1.7.S2,D1,24003.D1.7,15,30
24003.D1.7.S3,D1,24003.D1.7,30,60
24003.D1.8.S1,D1,24003.D1.8,0,15
24003.D1.8.S2,D1,24003.D1.8,15,30
24003.D1.8.S3,D1,24003.D1.8,30,60
24003.D1.9.S1,D1,24003.D1.9,0,15
24003.D1.9.S2,D1,24003.D1.9,15,30
24003.D1.9.S3,D1,24003.D1.9,30,60
24003.D2.1.S1,D2,24003.D2.1,0,15
24003.D2.1.S2,D2,24003.D2.1,15,30
24003.D2.1.S3,D2,24003.D2.1,30,60
24003.D2.2.S1,D2,24003.D2.2,0,15
24003.D2.2.S2,D2,24003.D2.2,15,30
24003.D2.2.S3,D2,24003.D2.2,30,60
24003.D2.3.S1,D2,24003.D2.3,0,15
24003.D2.3.S2,D2,24003.D2.3,15,30
24003.D2.3.S3,D2,24003.D2.3,30,60
24003.D2.4.S1,D2,24003.D2.4,0,15
24003.D2.4.S2,D2,24003.D2.4,15,30
24003.D2.4.S3,D2,24003.D2.4,30,60
24003.D2.5.S1,D2,24003.D2.5,0,15
24003.D2.5.S2,D2,24003.D2.5,15,30
24003.D2.5.S3,D2,24003.D2.5,30,60
24003.D2.6.S1,D2,24003.D2.6,0,15
24003.D2.6.S2,D2,24003.D2.6,15,30
24003.D2.6.S3,D2,24003.D2.6,30,60
24003.D2.7.S1,D2,24003.D2.7,0,15
24003.D2.7.S2,D2,24003.D2.7,15,30
24003.D2.7.S3,D2,24003.D2.7,30,60
24003.D2.8.S1,D2,24003.D2.8,0,15
24003.D2.8.S2,D2,24003.D2.8,15,30
24003.D2.8.S3,D2,24003.D2.8,30,60
24004.G1.1.S1,G1,24004.G1.1,0,15
24004.G1.1.S2,G1,24004.G1.1,15,30
24004.G1.1.S3,G1,24004.G1.1,30,60
24004.G1.10.S1,G1,24004.G1.10,0,15
24004.G1.10.S2,G1,24004.G1.10,15,30
24004.G1.10.S3,G1,24004.G1.10,30,60
24004.G1.11.S1,G1,24004.G1.11,0,15
24004.G1.11.S2,G1,24004.G1.11,15,30
24004.G1.11.S3,G1,24004.G1.11,30,60
24004.G1.2.S1,G1,24004.G1.2,0,15
24004.G1.2.S2,G1,24004.G1.2,15,30
24004.G1.2.S3,G1,24004.G1.2,30,60
24004.G1.3.S1,G1,24004.G1.3,0,15
24004.G1.3.S2,G1,24004.G1.3,15,30
24004.G1.3.S3,G1,24004.G1.3,30,60
24004.G1.5.S1,G1,24004.G1.5,0,15
24004.G1.5.S2,G1,24004.G1.5,15,30
24004.G1.5.S3,G1,24004.G1.5,30,60
24004.G1.6.S1,G1,24004.G1.6,0,15
24004.G1.6.S2,G1,24004.G1.6,15,30
24004.G1.6.S3,G1,24004.G1.6,30,60
24004.G1.7.S1,G1,24004.G1.7,0,15
24004.G1.7.S2,G1,24004.G1.7,15,30
24004.G1.7.S3,G1,24004.G1.7,30,60
24004.G1.8.S1,G1,24004.G1.8,0,15
24004.G1.8.S2,G1,24004.G1.8,15,30
24004.G1.8.S3,G1,24004.G1.8,30,60
24004.G1.9.S1,G1,24004.G1.9,0,15
24004.G1.9.S2,G1,24004.G1.9,15,30
24004.G1.9.S3,G1,24004.G1.9,30,60
24004.G2.1.S1,G2,24004.G2.1,0,15
24004.G2.1.S2,G2,24004.G2.1,15,30
24004.G2.1.S3,G2,24004.G2.1,30,60
24004.G2.10.S1,G2,24004.G2.10,0,15
24004.G2.10.S2,G2,24004.G2.10,15,30
24004.G2.10.S3,G2,24004.G2.10,30,60
24004.G2.2.S1,G2,24004.G2.2,0,15
24004.G2.2.S2,G2,24004.G2.2,15,30
24004.G2.2.S3,G2,24004.G2.2,30,60
24004.G2.3.S1,G2,24004.G2.3,0,15
24004.G2.3.S2,G2,24004.G2.3,15,30
24004.G2.3.S3,G2,24004.G2.3,30,60
24004.G2.4.S1,G2,24004.G2.4,0,15
24004.G2.4.S2,G2,24004.G2.4,15,30
24004.G2.4.S3,G2,24004.G2.4,30,60
24004.G2.5.S1,G2,24004.G2.5,0,15
24004.G2.5.S2,G2,24004.G2.5,15,30
24004.G2.5.S3,G2,24004.G2.5,30,60
24004.G2.6.S1,G2,24004.G2.6,0,15
24004.G2.6.S2,G2,24004.G2.6,15,30
24004.G2.6.S3,G2,24004.G2.6,30,60
24004.G2.7.S1,G2,24004.G2.7,0,15
24004.G2.7.S2,G2,24004.G2.7,15,30
24004.G2.7.S3,G2,24004.G2.7,30,60
24004.G2.8.S1,G2,24004.G2.8,0,15
24004.G2.8.S2,G2,24004.G2.8,15,30
24004.G2.8.S3,G2,24004.G2.8,30,60
24004.G2.9.S1,G2,24004.G2.9,0,15
24004.G2.9.S2,G2,24004.G2.9,15,30
24004.G2.9.S3,G2,24004.G2.9,30,60
24004.G3.1.S1,G3,24004.G3.1,0,15
24004.G3.1.S2,G3,24004.G3.1,15,30
24004.G3.1.S3,G3,24004.G3.1,30,60
24004.G5.1.S1,G5,24004.G5.1,0,15
24004.G5.1.S2,G5,24004.G5.1,15,30
24004.G5.1.S3,G5,24004.G5.1,30,60
24004.G5.2.S1,G5,24004.G5.2,0,15
24004.G5.2.S2,G5,24004.G5.2,15,30
24004.G5.2.S3,G5,24004.G5.2,30,60
24004.G5.3.S1,G5,24004.G5.3,0,15
24004.G5.3.S2,G5,24004.G5.3,15,30
24004.G5.3.S3,G5,24004.G5.3,30,60
24004.G5.4.S1,G5,24004.G5.4,0,15
24004.G5.4.S2,G5,24004.G5.4,15,30
24004.G5.4.S3,G5,24004.G5.4,30,60
24004.G5.5.S1,G5,24004.G5.5,0,15
24004.G5.5.S2,G5,24004.G5.5,15,30
24004.G5.5.S3,G5,24004.G5.5,30,60
24004.G5.6.S1,G5,24004.G5.6,0,15
24004.G5.6.S2,G5,24004.G5.6,15,30
24004.G5.6.S3,G5,24004.G5.6,30,60
24005.A2.2.S1,A2,24005.A2.2,0,15
24005.A2.2.S2,A2,24005.A2.2,15,30
24005.A2.2.S3,A2,24005.A2.2,30,60
24005.A2.3.S1,A2,24005.A2.3,0,15
24005.A2.3.S2,A2,24005.A2.3,15,30
24005.A2.3.S3,A2,24005.A2.3,30,60
24005.A2.4.S1,A2,24005.A2.4,0,15
24005.A2.4.S2,A2,24005.A2.4,15,30
24005.A2.4.S3,A2,24005.A2.4,30,60
24005.A2.5.S1,A2,24005.A2.5,0,15
24005.A2.5.S2,A2,24005.A2.5,15,30
24005.A2.5.S3,A2,24005.A2.5,30,60
24005.A3.1.S1,A3,24005.A3.1,0,15
24005.A3.1.S2,A3,24005.A3.1,15,30
24005.A3.1.S3,A3,24005.A3.1,30,60
24005.A3.2.S1,A3,24005.A3.2,0,15
24005.A3.2.S2,A3,24005.A3.2,15,30
24005.A3.2.S3,A3,24005.A3.2,30,60
24005.A3.3.S1,A3,24005.A3.3,0,15
24005.A3.3.S2,A3,24005.A3.3,15,30
24005.A3.4.S1,A3,24005.A3.4,0,15
24005.A3.4.S2,A3,24005.A3.4,15,30
24005.A3.4.S3,A3,24005.A3.4,30,60
24005.A3.5.S1,A3,24005.A3.5,0,15
24005.A3.5.S2,A3,24005.A3.5,15,30
24005.A3.6.S1,A3,24005.A3.6,0,15
24005.A3.6.S2,A3,24005.A3.6,15,30
24005.G3.2.S1,G3,24005.G3.2,0,15
24005.G3.2.S2,G3,24005.G3.2,15,30
24005.G3.2.S3,G3,24005.G3.2,30,60
24005.G3.3.S1,G3,24005.G3.3,0,15
24005.G3.3.S2,G3,24005.G3.3,15,30
24005.G3.3.S3,G3,24005.G3.3,30,60
24005.G3.6.S1,G3,24005.G3.6,0,15
24005.G3.6.S2,G3,24005.G3.6,15,30
24005.G3.6.S3,G3,24005.G3.6,30,60
24005.G4.1.S1,G4,24005.G4.1,0,15
24005.G4.1.S2,G4,24005.G4.1,15,30
24005.G4.1.S3,G4,24005.G4.1,30,60
24005.G4.2.S1,G4,24005.G4.2,0,15
24005.G4.2.S2,G4,24005.G4.2,15,30
24005.G4.2.S3,G4,24005.G4.2,30,60
24005.G4.3.S1,G4,24005.G4.3,0,15
24005.G4.3.S2,G4,24005.G4.3,15,30
24005.G4.3.S3,G4,24005.G4.3,30,60
24005.G4.4.S1,G4,24005.G4.4,0,15
24005.G4.4.S2,G4,24005.G4.4,15,30
24005.G4.4.S3,G4,24005.G4.4,30,60
24005.G4.5.S1,G4,24005.G4.5,0,15
24005.G4.5.S2,G4,24005.G4.5,15,30
24005.G4.5.S3,G4,24005.G4.5,30,60
24005.G4.6.S1,G4,24005.G4.6,0,15
24005.G4.6.S2,G4,24005.G4.6,15,30
24005.G4.6.S3,G4,24005.G4.6,30,60
24005.G4.7.S1,G4,24005.G4.7,0,15
24005.G4.7.S2,G4,24005.G4.7,15,30
24005.G4.7.S3,G4,24005.G4.7,30,60
24005.G4.8.S1,G4,24005.G4.8,0,15
24005.G4.8.S2,G4,24005.G4.8,15,30
24005.G4.8.S3,G4,24005.G4.8,30,60
24015.E1.1.S1,E1,24015.E1.1,0,15
24015.E1.1.S2,E1,24015.E1.1,15,30
24015.E1.1.S3,E1,24015.E1.1,30,60
24015.E1.10.S1,E1,24015.E1.10,0,15
24015.E1.10.S2,E1,24015.E1.10,15,30
24015.E1.10.S3,E1,24015.E1.10,30,60
24015.E1.2.S1,E1,24015.E1.2,0,15
24015.E1.2.S2,E1,24015.E1.2,15,30
24015.E1.2.S3,E1,24015.E1.2,30,60
24015.E1.3.S1,E1,24015.E1.3,0,15
24015.E1.3.S2,E1,24015.E1.3,15,30
24015.E1.3.S3,E1,24015.E1.3,30,60
24015.E1.4.S1,E1,24015.E1.4,0,15
24015.E1.4.S2,E1,24015.E1.4,15,30
24015.E1.4.S3,E1,24015.E1.4,30,60
24015.E1.5.S1,E1,24015.E1.5,0,15
24015.E1.5.S2,E1,24015.E1.5,15,30
24015.E1.5.S3,E1,24015.E1.5,30,60
24015.E1.6.S1,E1,24015.E1.6,0,15
24015.E1.6.S2,E1,24015.E1.6,15,30
24015.E1.6.S3,E1,24015.E1.6,30,60
24015.E1.7.S1,E1,24015.E1.7,0,15
24015.E1.7.S2,E1,24015.E1.7,15,30
24015.E1.7.S3,E1,24015.E1.7,30,60
24015.E1.8.S1,E1,24015.E1.8,0,15
24015.E1.8.S2,E1,24015.E1.8,15,30
24015.E1.8.S3,E1,24015.E1.8,30,60
24015.E1.9.S1,E1,24015.E1.9,0,15
24015.E1.9.S2,E1,24015.E1.9,15,30
24015.E1.9.S3,E1,24015.E1.9,30,60
24016.E2.1.S1,E2,24016.E2.1,0,15
24016.E2.1.S2,E2,24016.E2.1,15,30
24016.E2.1.S3,E2,24016.E2.1,30,60
24016.E2.2.S1,E2,24016.E2.2,0,15
24016.E2.2.S2,E2,24016.E2.2,15,30
24016.E2.2.S3,E2,24016.E2.2,30,60
24016.E2.3.S1,E2,24016.E2.3,0,15
24016.E2.3.S2,E2,24016.E2.3,15,30
24016.E2.3.S3,E2,24016.E2.3,30,60
24016.E2.4.S1,E2,24016.E2.4,0,15
24016.E2.4.S2,E2,24016.E2.4,15,30
24016.E2.4.S3,E2,24016.E2.4,30,60
24016.E2.5.S1,E2,24016.E2.5,0,15
24016.E2.5.S2,E2,24016.E2.5,15,30
24016.E2.5.S3,E2,24016.E2.5,30,60
24017.G1.4.S1,G1,24017.G1.4,0,15
24017.G1.4.S2,G1,24017.G1.4,15,30
24017.G1.4.S3,G1,24017.G1.4,30,60
24021.H1.1.S1,H1,24021.H1.1,0,15
24021.H1.1.S2,H1,24021.H1.1,15,30
24021.H1.1.S3,H1,24021.H1.1,30,60
24021.H1.10.S1,H1,24021.H1.10,0,15
24021.H1.10.S2,H1,24021.H1.10,15,30
24021.H1.10.S3,H1,24021.H1.10,30,60
24021.H1.11.S1,H1,24021.H1.11,0,15
24021.H1.11.S2,H1,24021.H1.11,15,30
24021.H1.12.S1,H1,24021.H1.12,0,15
24021.H1.12.S2,H1,24021.H1.12,15,30
24021.H1.12.S3,H1,24021.H1.12,30,60
24021.H1.13.S1,H1,24021.H1.13,0,15
24021.H1.13.S2,H1,24021.H1.13,15,30
24021.H1.13.S3,H1,24021.H1.13,30,60
24021.H1.2.S1,H1,24021.H1.2,0,15
24021.H1.2.S2,H1,24021.H1.2,15,30
24021.H1.2.S3,H1,24021.H1.2,30,60
24021.H1.3.S1,H1,24021.H1.3,0,15
24021.H1.3.S2,H1,24021.H1.3,15,30
24021.H1.3.S3,H1,24021.H1.3,30,60
24021.H1.4.S1,H1,24021.H1.4,0,15
24021.H1.4.S2,H1,24021.H1.4,15,30
24021.H1.5.S1,H1,24021.H1.5,0,15
24021.H1.5.S2,H1,24021.H1.5,15,30
24021.H1.5.S3,H1,24021.H1.5,30,60
24021.H1.6.S1,H1,24021.H1.6,0,15
24021.H1.6.S2,H1,24021.H1.6,15,30
24021.H1.7.S1,H1,24021.H1.7,0,15
24021.H1.7.S2,H1,24021.H1.7,15,30
24021.H1.7.S3,H1,24021.H1.7,30,60
24021.H1.8.S1,H1,24021.H1.8,0,15
24021.H1.8.S2,H1,24021.H1.8,15,30
24021.H1.8.S3,H1,24021.H1.8,30,60
24021.H1.9.S1,H1,24021.H1.9,0,15
24021.H1.9.S2,H1,24021.H1.9,15,30
24021.H1.9.S3,H1,24021.H1.9,30,60
24024.B2.1.S1,B2,24024.B2.1,0,15
24024.B2.1.S2,B2,24024.B2.1,15,30
24024.B2.1.S3,B2,24024.B2.1,30,60
24024.B2.2.S1,B2,24024.B2.2,0,15
24024.B2.2.S2,B2,24024.B2.2,15,30
24024.B2.2.S3,B2,24024.B2.2,30,60
24024.B2.3.S1,B2,24024.B2.3,0,15
24024.B2.3.S2,B2,24024.B2.3,15,30
24024.B2.3.S3,B2,24024.B2.3,30,60
24024.B2.4.S1,B2,24024.B2.4,0,15
24024.B2.4.S2,B2,24024.B2.4,15,30
24024.B2.4.S3,B2,24024.B2.4,30,60
24024.B2.5.S1,B2,24024.B2.5,0,15
24024.B2.5.S2,B2,24024.B2.5,15,30
24024.B2.5.S3,B2,24024.B2.5,30,60
24024.B2.6.S1,B2,24024.B2.6,0,15
24024.B2.6.S2,B2,24024.B2.6,15,30
24024.B2.6.S3,B2,24024.B2.6,30,60
24024.B2.7.S1,B2,24024.B2.7,0,15
24024.B2.7.S2,B2,24024.B2.7,15,30
24024.B2.7.S3,B2,24024.B2.7,30,60
24036.B1.1.S1,B1,24036.B1.1,0,15
24036.B1.1.S2,B1,24036.B1.1,15,30
24036.B1.1.S3,B1,24036.B1.1,30,60
24036.B1.2.S1,B1,24036.B1.2,0,15
24036.B1.2.S2,B1,24036.B1.2,15,30
24036.B1.2.S3,B1,24036.B1.2,30,60
24036.B1.3.S1,B1,24036.B1.3,0,15
24036.B1.3.S2,B1,24036.B1.3,15,30
24036.B1.3.S3,B1,24036.B1.3,30,60
24036.B1.4.S1,B1,24036.B1.4,0,15
24036.B1.4.S2,B1,24036.B1.4,15,30
24036.B1.4.S3,B1,24036.B1.4,30,60
24036.B1.5.S1,B1,24036.B1.5,0,15
24036.B1.5.S2,B1,24036.B1.5,15,30
24036.B1.5.S3,B1,24036.B1.5,30,60
24036.B1.6.S1,B1,24036.B1.6,0,15
24036.B1.6.S2,B1,24036.B1.6,15,30
24036.B1.6.S3,B1,24036.B1.6,30,60
24036.B1.7.S1,B1,24036.B1.7,0,15
24036.B1.7.S2,B1,24036.B1.7,15,30
24036.B1.7.S3,B1,24036.B1.7,30,60
24036.C1.10.S1,C1,24036.C1.10,0,15
24036.C1.10.S2,C1,24036.C1.10,15,30
24036.C1.10.S3,C1,24036.C1.10,30,60
24036.C1.11.S1,C1,24036.C1.11,0,15
24036.C1.11.S2,C1,24036.C1.11,15,30
24036.C1.11.S3,C1,24036.C1.11,30,60
24036.C1.2.S1,C1,24036.C1.2,0,15
24036.C1.2.S2,C1,24036.C1.2,15,30
24036.C1.2.S3,C1,24036.C1.2,30,60
24036.C1.3.S1,C1,24036.C1.3,0,15
24036.C1.3.S2,C1,24036.C1.3,15,30
24036.C1.3.S3,C1,24036.C1.3,30,60
24036.C1.4.S1,C1,24036.C1.4,0,15
24036.C1.4.S2,C1,24036.C1.4,15,30
24036.C1.4.S3,C1,24036.C1.4,30,60
24036.C1.5.S1,C1,24036.C1.5,0,15
24036.C1.5.S2,C1,24036.C1.5,15,30
24036.C1.5.S3,C1,24036.C1.5,30,60
24036.C1.6.S1,C1,24036.C1.6,0,15
24036.C1.6.S2,C1,24036.C1.6,15,30
24036.C1.6.S3,C1,24036.C1.6,30,60
24036.C1.7.S1,C1,24036.C1.7,0,15
24036.C1.7.S2,C1,24036.C1.7,15,30
24036.C1.7.S3,C1,24036.C1.7,30,60
24036.C1.8.S1,C1,24036.C1.8,0,15
24036.C1.8.S2,C1,24036.C1.8,15,30
24036.C1.8.S3,C1,24036.C1.8,30,60
24036.C1.9.S1,C1,24036.C1.9,0,15
24036.C1.9.S2,C1,24036.C1.9,15,30
24036.C1.9.S3,C1,24036.C1.9,30,60
24045.A1.1.S1,A1,24045.A1.1,0,15
24045.A1.1.S2,A1,24045.A1.1,15,30
24045.A1.1.S3,A1,24045.A1.1,30,60
24045.A1.2.S1,A1,24045.A1.2,0,15
24045.A1.2.S2,A1,24045.A1.2,15,30
24045.A1.2.S3,A1,24045.A1.2,30,60
24045.A1.3.S1,A1,24045.A1.3,0,15
24045.A1.3.S2,A1,24045.A1.3,15,30
24045.A1.3.S3,A1,24045.A1.3,30,60
24045.A1.4.S1,A1,24045.A1.4,0,15
24045.A1.4.S2,A1,24045.A1.4,15,30
24045.A1.4.S3,A1,24045.A1.4,30,60
24045.A1.5.S1,A1,24045.A1.5,0,15
24045.A1.5.S2,A1,24045.A1.5,15,30
24045.A1.5.S3,A1,24045.A1.5,30,60
24045.A1.6.S1,A1,24045.A1.6,0,15
24045.A1.6.S2,A1,24045.A1.6,15,30
24045.A1.6.S3,A1,24045.A1.6,30,60
24045.A1.7.S1,A1,24045.A1.7,0,15
24045.A1.7.S2,A1,24045.A1.7,15,30
24045.A1.7.S3,A1,24045.A1.7,30,60
24047.F1.1.S1,F1,24047.F1.1,0,15
24047.F1.1.S2,F1,24047.F1.1,15,30
24047.F1.1.S3,F1,24047.F1.1,30,60
24047.F1.10.S1,F1,24047.F1.10,0,15
24047.F1.10.S2,F1,24047.F1.10,15,30
24047.F1.10.S3,F1,24047.F1.10,30,60
24047.F1.2.S1,F1,24047.F1.2,0,15
24047.F1.2.S2,F1,24047.F1.2,15,30
24047.F1.2.S3,F1,24047.F1.2,30,60
24047.F1.3.S1,F1,24047.F1.3,0,15
24047.F1.3.S2,F1,24047.F1.3,15,30
24047.F1.3.S3,F1,24047.F1.3,30,60
24047.F1.4.S1,F1,24047.F1.4,0,15
24047.F1.4.S2,F1,24047.F1.4,15,30
24047.F1.4.S3,F1,24047.F1.4,30,60
24047.F1.5.S1,F1,24047.F1.5,0,15
24047.F1.5.S2,F1,24047.F1.5,15,30
24047.F1.5.S3,F1,24047.F1.5,30,60
24047.F1.6.S1,F1,24047.F1.6,0,15
24047.F1.6.S2,F1,24047.F1.6,15,30
24047.F1.6.S3,F1,24047.F1.6,30,60
24047.F1.7.S1,F1,24047.F1.7,0,15
24047.F1.7.S2,F1,24047.F1.7,15,30
24047.F1.7.S3,F1,24047.F1.7,30,60
24047.F1.8.S1,F1,24047.F1.8,0,15
24047.F1.8.S2,F1,24047.F1.8,15,30
24047.F1.8.S3,F1,24047.F1.8,30,60
24047.F1.9.S1,F1,24047.F1.9,0,15
24047.F1.9.S2,F1,24047.F1.9,15,30
24047.F1.9.S3,F1,24047.F1.9,30,60
24051.F2.8.S1,F2,24051.F2.8,0,15
24051.F2.8.S2,F2,24051.F2.8,15,30
24051.F2.8.S3,F2,24051.F2.8,30,60
24051.G3.4.S1,G3,24051.G3.4,0,15
24051.G3.4.S2,G3,24051.G3.4,15,30
24051.G3.4.S3,G3,24051.G3.4,30,60
24052.F2.10.S1,F2,24052.F2.10,0,15
24052.F2.10.S2,F2,24052.F2.10,15,30
24052.F2.10.S3,F2,24052.F2.10,30,60
24052.F2.11.S1,F2,24052.F2.11,0,15
24052.F2.11.S2,F2,24052.F2.11,15,30
24052.F2.11.S3,F2,24052.F2.11,30,60
24052.F2.12.S1,F2,24052.F2.12,0,15
24052.F2.12.S2,F2,24052.F2.12,15,30
24052.F2.12.S3,F2,24052.F2.12,30,60
24052.F2.13.S1,F2,24052.F2.13,0,15
24052.F2.13.S2,F2,24052.F2.13,15,30
24052.F2.13.S3,F2,24052.F2.13,30,60
24052.F2.14.S1,F2,24052.F2.14,0,15
24052.F2.14.S2,F2,24052.F2.14,15,30
24052.F2.14.S3,F2,24052.F2.14,30,60
24052.F2.15.S1,F2,24052.F2.15,0,15
24052.F2.15.S2,F2,24052.F2.15,15,30
24052.F2.15.S3,F2,24052.F2.15,30,60
24052.F2.16.S1,F2,24052.F2.16,0,15
24052.F2.16.S2,F2,24052.F2.16,15,30
24052.F2.16.S3,F2,24052.F2.16,30,60
24052.F2.17.S1,F2,24052.F2.17,0,15
24052.F2.17.S2,F2,24052.F2.17,15,30
24052.F2.17.S3,F2,24052.F2.17,30,60
24052.F2.18.S1,F2,24052.F2.18,0,15
24052.F2.18.S2,F2,24052.F2.18,15,30
24052.F2.18.S3,F2,24052.F2.18,30,60
24052.F2.19.S1,F2,24052.F2.19,0,15
24052.F2.19.S2,F2,24052.F2.19,15,30
24052.F2.19.S3,F2,24052.F2.19,30,60
24052.F2.20.S1,F2,24052.F2.20,0,15
24052.F2.20.S2,F2,24052.F2.20,15,30
24052.F2.20.S3,F2,24052.F2.20,30,60
24052.F2.5.S1,F2,24052.F2.5,0,15
24052.F2.5.S2,F2,24052.F2.5,15,30
24052.F2.5.S3,F2,24052.F2.5,30,60
24052.F2.6.S1,F2,24052.F2.6,0,15
24052.F2.6.S2,F2,24052.F2.6,15,30
24052.F2.6.S3,F2,24052.F2.6,30,60
24052.F2.9.S1,F2,24052.F2.9,0,15
24052.F2.9.S2,F2,24052.F2.9,15,30
24052.F2.9.S3,F2,24052.F2.9,30,60
