site_id,farm_id,muname,texture_class,SSURGO_site_BD_r,SSURGO_site_pH_r,SSURGO_site_sand_r,SSURGO_site_silt_r,SSURGO_site_clay_r
D1,D,"Unadilla silt loam, 0 to 3 percent slopes",silt loam,1.3504488670456771,5.3738458037273285,45.67479131092314,43.63621166657513,10.68899702250173
D2,D,"Knickerbocker fine sandy loam, rolling",sandy loam,1.351191338354577,5.300000000000001,58.716848404415266,34.13364406371914,7.149507531865585
G1,G,"Blasdell channery silt loam, 3 to 8 percent slopes",silt loam,1.3487414057248537,5.208779357128243,32.10626830736905,55.89373169263095,12
G2,G,"Blasdell channery silt loam, 3 to 8 percent slopes",silt loam,1.3515338276181648,5.3,33.39,54.61,11.999999999999998
G3,G,Linlithgo silt loam,silt loam,1.3037510656436488,5.500000000000001,26.959437340153457,51.04056265984656,22.000000000000004
G5,G,"Stockbridge silt loam, 8 to 15 percent slopes",silt loam,1.4319473511450416,6.266957162546999,32.6470725108017,55.3529274891983,12
A2,A,"Blasdell channery loam, 0 to 3 percent slopes",loam,1.3406542056074766,5.3,45,43,12
A3,A,"Nassau channery silt loam, rolling, very rocky",silt loam,1.3370656691604326,5,32.64862842892768,55.35137157107232,12
G4,G,"Stockbridge silt loam, 3 to 8 percent slopes",silt loam,1.399006080702046,6.024624735370813,33.27708578286318,54.722914217136825,12
E1,E,"Pittstown silt loam, 3 to 8 percent slopes",silt loam,1.415648369132856,5.299999999999999,32.594033412887825,55.40596658711217,11.999999999999998
E2,E,"Blasdell channery loam, 0 to 3 percent slopes",loam,1.3406542056074766,5.3,45,43,12
H1,H,Linlithgo silt loam,silt loam,1.3272593091522993,5.5531706623502055,32.38475140649309,50.23063320889153,17.384615384615383
B2,B,"Stockbridge silt loam, 8 to 15 percent slopes",silt loam,1.3637256526797743,5.629058609664218,32.137770450700046,55.86222954929996,12
B1,B,"Georgia silt loam, 3 to 8 percent slopes",silt loam,1.3533960943101777,5.800277597515445,31.946869581100938,56.053130418899066,12.000000000000002
C1,C,"Stockbridge silt loam, 3 to 8 percent slopes",silt loam,1.3906332179930796,6.294249858802321,33.44716676079845,54.55283323920155,12
A1,A,"Copake gravelly silt loam, rolling",silt loam,1.385406843544453,5.697634375026001,57.22796572998091,34.279233093813936,8.492801176205143
F1,F,Elnora fine sandy loam,sandy loam,1.349198994170401,5.2535356851918005,70.9254448767734,24.355612734187375,4.718942389039209
F2,F,Linlithgo silt loam,silt loam,1.314050579379176,5.5,39.90888285152375,42.56528325037804,17.525833898098217
